fold,roc_auc,pr_auc,f1,n_train,n_test
1,0.6415049734050194,0.025665466294366095,0.04442992486115648,86043,85656
2,0.6043642042243256,0.06124918325768237,0.10476130732074525,171699,85656
3,0.6103541270162073,0.051750087615093435,0.09624738028391791,257355,85656
4,0.6306910290023872,0.0733245280879661,0.12150186567164178,343011,85656
5,0.6992862284983112,0.11838708045461548,0.1560023856181307,428667,85656
